<application>
  <component name="ProjectManager">
    <defaultProject>
      <component name="AutoImportSettings">
        <option name="autoReloadType" value="SELECTIVE" />
      </component>
      <component name="CodeInsightWorkspaceSettings">
        <option name="optimizeImportsOnTheFly" value="true" />
      </component>
      <component name="EasyCodeTableSetting">
        <option name="tableInfoMap">
          <map>
            <entry key="market_vben.sys_dept">
              <value>
                <TableInfoDTO>
                  <option name="fullColumn">
                    <list>
                      <ColumnInfoDTO>
                        <option name="custom" value="false" />
                        <option name="ext">
                          <map />
                        </option>
                        <option name="name" value="id" />
                        <option name="type" value="java.lang.Long" />
                      </ColumnInfoDTO>
                      <ColumnInfoDTO>
                        <option name="comment" value="部门名称" />
                        <option name="custom" value="false" />
                        <option name="ext">
                          <map />
                        </option>
                        <option name="name" value="deptName" />
                        <option name="type" value="java.lang.String" />
                      </ColumnInfoDTO>
                      <ColumnInfoDTO>
                        <option name="comment" value="父级id" />
                        <option name="custom" value="false" />
                        <option name="ext">
                          <map />
                        </option>
                        <option name="name" value="parentId" />
                        <option name="type" value="java.lang.Long" />
                      </ColumnInfoDTO>
                      <ColumnInfoDTO>
                        <option name="comment" value="排序" />
                        <option name="custom" value="false" />
                        <option name="ext">
                          <map />
                        </option>
                        <option name="name" value="orderNo" />
                        <option name="type" value="java.lang.Integer" />
                      </ColumnInfoDTO>
                      <ColumnInfoDTO>
                        <option name="comment" value="状态（0启用 1禁用）" />
                        <option name="custom" value="false" />
                        <option name="ext">
                          <map />
                        </option>
                        <option name="name" value="status" />
                        <option name="type" value="java.util.Boolean" />
                      </ColumnInfoDTO>
                      <ColumnInfoDTO>
                        <option name="comment" value="创建者" />
                        <option name="custom" value="false" />
                        <option name="ext">
                          <map />
                        </option>
                        <option name="name" value="createBy" />
                        <option name="type" value="java.lang.String" />
                      </ColumnInfoDTO>
                      <ColumnInfoDTO>
                        <option name="comment" value="创建时间" />
                        <option name="custom" value="false" />
                        <option name="ext">
                          <map />
                        </option>
                        <option name="name" value="createTime" />
                        <option name="type" value="java.util.LocalDateTime" />
                      </ColumnInfoDTO>
                      <ColumnInfoDTO>
                        <option name="comment" value="更新者" />
                        <option name="custom" value="false" />
                        <option name="ext">
                          <map />
                        </option>
                        <option name="name" value="updateBy" />
                        <option name="type" value="java.lang.String" />
                      </ColumnInfoDTO>
                      <ColumnInfoDTO>
                        <option name="comment" value="更新时间" />
                        <option name="custom" value="false" />
                        <option name="ext">
                          <map />
                        </option>
                        <option name="name" value="updateTime" />
                        <option name="type" value="java.util.LocalDateTime" />
                      </ColumnInfoDTO>
                      <ColumnInfoDTO>
                        <option name="comment" value="备注" />
                        <option name="custom" value="false" />
                        <option name="ext">
                          <map />
                        </option>
                        <option name="name" value="remark" />
                        <option name="type" value="java.lang.String" />
                      </ColumnInfoDTO>
                    </list>
                  </option>
                  <option name="name" value="SysDept" />
                  <option name="preName" value="" />
                  <option name="saveModelName" value="market-vben-example" />
                  <option name="savePackageName" value="generate" />
                  <option name="savePath" value="./market-vben-example/src/main/java/generate" />
                  <option name="templateGroupName" value="Default" />
                </TableInfoDTO>
              </value>
            </entry>
            <entry key="market_vben.sys_role">
              <value>
                <TableInfoDTO>
                  <option name="fullColumn">
                    <list>
                      <ColumnInfoDTO>
                        <option name="comment" value="主键id" />
                        <option name="custom" value="false" />
                        <option name="ext">
                          <map />
                        </option>
                        <option name="name" value="id" />
                        <option name="type" value="java.lang.Long" />
                      </ColumnInfoDTO>
                      <ColumnInfoDTO>
                        <option name="comment" value="角色名称" />
                        <option name="custom" value="false" />
                        <option name="ext">
                          <map />
                        </option>
                        <option name="name" value="roleName" />
                        <option name="type" value="java.lang.String" />
                      </ColumnInfoDTO>
                      <ColumnInfoDTO>
                        <option name="comment" value="角色权限字符串" />
                        <option name="custom" value="false" />
                        <option name="ext">
                          <map />
                        </option>
                        <option name="name" value="roleValue" />
                        <option name="type" value="java.lang.String" />
                      </ColumnInfoDTO>
                      <ColumnInfoDTO>
                        <option name="comment" value="排序" />
                        <option name="custom" value="false" />
                        <option name="ext">
                          <map />
                        </option>
                        <option name="name" value="orderNo" />
                        <option name="type" value="java.lang.Integer" />
                      </ColumnInfoDTO>
                      <ColumnInfoDTO>
                        <option name="comment" value="删除标志(0未删除；1删除)" />
                        <option name="custom" value="false" />
                        <option name="ext">
                          <map />
                        </option>
                        <option name="name" value="delFlag" />
                        <option name="type" value="java.util.Boolean" />
                      </ColumnInfoDTO>
                      <ColumnInfoDTO>
                        <option name="comment" value="状态（0停用；1启用）" />
                        <option name="custom" value="false" />
                        <option name="ext">
                          <map />
                        </option>
                        <option name="name" value="status" />
                        <option name="type" value="java.util.Boolean" />
                      </ColumnInfoDTO>
                      <ColumnInfoDTO>
                        <option name="comment" value="创建时间" />
                        <option name="custom" value="false" />
                        <option name="ext">
                          <map />
                        </option>
                        <option name="name" value="createTime" />
                        <option name="type" value="java.util.LocalDateTime" />
                      </ColumnInfoDTO>
                      <ColumnInfoDTO>
                        <option name="comment" value="创建者" />
                        <option name="custom" value="false" />
                        <option name="ext">
                          <map />
                        </option>
                        <option name="name" value="createBy" />
                        <option name="type" value="java.lang.String" />
                      </ColumnInfoDTO>
                      <ColumnInfoDTO>
                        <option name="comment" value="更新者" />
                        <option name="custom" value="false" />
                        <option name="ext">
                          <map />
                        </option>
                        <option name="name" value="updateBy" />
                        <option name="type" value="java.lang.String" />
                      </ColumnInfoDTO>
                      <ColumnInfoDTO>
                        <option name="comment" value="更新时间" />
                        <option name="custom" value="false" />
                        <option name="ext">
                          <map />
                        </option>
                        <option name="name" value="updateTime" />
                        <option name="type" value="java.util.LocalDateTime" />
                      </ColumnInfoDTO>
                      <ColumnInfoDTO>
                        <option name="comment" value="备注" />
                        <option name="custom" value="false" />
                        <option name="ext">
                          <map />
                        </option>
                        <option name="name" value="remark" />
                        <option name="type" value="java.lang.String" />
                      </ColumnInfoDTO>
                    </list>
                  </option>
                  <option name="name" value="SysRole" />
                  <option name="preName" value="" />
                  <option name="saveModelName" value="market-vben-example" />
                  <option name="savePackageName" value="generate" />
                  <option name="savePath" value="./market-vben-example/src/main/java/generate" />
                  <option name="templateGroupName" value="" />
                </TableInfoDTO>
              </value>
            </entry>
          </map>
        </option>
      </component>
      <component name="Encoding" native2AsciiForPropertiesFiles="true" defaultCharsetForPropertiesFiles="UTF-8">
        <file url="PROJECT" charset="UTF-8" />
      </component>
      <component name="GradleLocalSettings">
        <option name="myGradleUserHome" value="D:/software/Java/gradle-7.5" />
      </component>
      <component name="MavenImportPreferences">
        <option name="generalSettings">
          <MavenGeneralSettings>
            <option name="mavenHome" value="D:/software/apache-maven-3.8.4" />
            <option name="userSettingsFile" value="D:\software\apache-maven-3.8.4\conf\settings.xml" />
          </MavenGeneralSettings>
        </option>
      </component>
      <component name="PropertiesComponent">{
  &quot;keyToString&quot;: {
    &quot;settings.editor.selected.configurable&quot;: &quot;MavenSettings&quot;
  }
}</component>
      <component name="SaveActionSettings">
        <option name="actions">
          <set>
            <option value="activate" />
            <option value="organizeImports" />
            <option value="reformat" />
          </set>
        </option>
        <option name="configurationPath" value="" />
      </component>
      <component name="masterDetails">
        <states>
          <state key="GlobalLibrariesConfigurable.UI">
            <settings>
              <splitter-proportions>
                <option name="proportions">
                  <list>
                    <option value="0.2" />
                  </list>
                </option>
              </splitter-proportions>
            </settings>
          </state>
          <state key="JdkListConfigurable.UI">
            <settings>
              <last-edited>1.8</last-edited>
              <splitter-proportions>
                <option name="proportions">
                  <list>
                    <option value="0.2" />
                  </list>
                </option>
              </splitter-proportions>
            </settings>
          </state>
          <state key="ProjectLibrariesConfigurable.UI">
            <settings>
              <splitter-proportions>
                <option name="proportions">
                  <list>
                    <option value="0.2" />
                  </list>
                </option>
              </splitter-proportions>
            </settings>
          </state>
        </states>
      </component>
    </defaultProject>
  </component>
</application>