<application>
  <component name="AppStorage">
    <option name="newTranslationDialogWidth" value="580" />
    <option name="newTranslationDialogX" value="578" />
    <option name="newTranslationDialogY" value="397" />
    <histories>
      <item value="Vendor Extension" />
      <item value="Basic interface address SPA" />
      <item value="spa shortname" />
      <item value="signer" />
      <item value="sig" />
      <item value="siger" />
      <item value="si" />
      <item value="常量" />
      <item value="c" />
      <item value="生效" />
      <item value="is Assignable From" />
      <item value="fenced" />
      <item value="Poster" />
      <item value="Malformed URL Exception" />
      <item value="o operations allowed after connection closed" />
      <item value="生成图片" />
      <item value="s" />
      <item value="Supplier" />
      <item value="理解" />
      <item value="l" />
      <item value="容易理" />
      <item value="容易理解" />
      <item value="容易" />
      <item value="r" />
      <item value="整理结构" />
      <item value="zhengli" />
      <item value="zheng" />
      <item value="folder" />
      <item value="folde" />
      <item value="fol" />
      <item value="f" />
      <item value="flode" />
      <item value="floder" />
      <item value="foder" />
      <item value="generate" />
      <item value="gener" />
      <item value="gen" />
      <item value="Cross-domain proxy, you can configure multiple Please note that no line breaks" />
      <item value="proceed" />
      <item value="procee" />
      <item value="proc" />
      <item value="extends" />
      <item value="审核" />
      <item value="evaluating" />
      <item value="SpringJUnit4ClassRunner requires JUnit 4.12 or higher." />
      <item value="Incompatible types. Found: 'java.lang.Class&lt;com.change.AdminApplication&gt;', required: 'java.lang.Class&lt;? extends org.junit.runner.Runner&gt;" />
      <item value="pulsar" />
      <item value="records" />
      <item value="representive" />
      <item value="代表人" />
    </histories>
    <option name="languageScores">
      <map>
        <entry key="CHINESE" value="120" />
        <entry key="ENGLISH" value="117" />
        <entry key="FRENCH" value="1" />
        <entry key="PORTUGUESE" value="1" />
        <entry key="SPANISH" value="1" />
        <entry key="INDONESIAN" value="1" />
      </map>
    </option>
  </component>
  <component name="Cache">
    <option name="lastTrimTime" value="1660642390203" />
  </component>
  <component name="Settings">
    <option name="phoneticFontFamily" value="WenQuanYi Micro Hei" />
    <option name="primaryFontFamily" value="WenQuanYi Micro Hei" />
    <option name="translator" value="YOUDAO" />
    <option name="youdaoTranslateSettings">
      <youdao-translate>
        <option name="appId" value="7d126953f1a1c6d1" />
      </youdao-translate>
    </option>
  </component>
</application>