<application>
  <component name="AppStorage">
    <option name="newTranslationDialogWidth" value="558" />
    <option name="newTranslationDialogX" value="578" />
    <option name="newTranslationDialogY" value="397" />
    <histories>
      <item value="truncation" />
      <item value="ids for this class must be manually assigned before calling save():" />
      <item value="Types in multi-catch must be disjoint: 'java.io.UnsupportedEncodingException' is a subclass of 'java.io.IOException'" />
      <item value="get Canonical Name" />
      <item value="set Database Platform" />
      <item value="误差" />
      <item value="重构" />
      <item value="Invalid" />
      <item value="READ DATE TIMESTAMPS AS NANOSECONDS" />
      <item value="ADJUST DATES TO CONTEXT TIME ZONE" />
      <item value="Unexpected character ('d' (code 100)):" />
      <item value="was expecting double-quote to start field name; nested exception is com.fasterxml.jackson.core.JsonParseException" />
      <item value="was expecting double-quote to start field name" />
      <item value="persist" />
      <item value="IDENTITY" />
      <item value="ids for this class must be manually assigned before calling save(): com.example.domain.SysOperLog" />
      <item value="CLIENT ERROR" />
      <item value="REDIRECTION" />
      <item value="INFORMATIONAL" />
      <item value="it`s more clear now" />
      <item value="it`s more clear " />
      <item value="it`s more" />
      <item value="it`" />
      <item value="it" />
      <item value="add token expire time" />
      <item value="add token expire" />
      <item value="add token " />
      <item value="add " />
      <item value="add token expired time" />
      <item value="add token ex" />
      <item value="Date.from(expireTime.toInstant(ZoneOffset.UTC))" />
      <item value="set Audience" />
      <item value="claims" />
      <item value="SUCCESSFUL" />
      <item value="Unable to load authentication plugin 'caching_sha2_password'." />
      <item value="Coding assistance for Node.js is disabled" />
      <item value="o enclosing instance of type 'jhlz.code.interview.ClassTest' is in scope" />
      <item value="面试" />
      <item value="mian" />
      <item value="MILLISECONDS" />
      <item value="MICROSECONDS" />
      <item value="parallel Stream" />
      <item value="msecs" />
      <item value="seconds" />
      <item value="second" />
      <item value="conflicts" />
      <item value="knife" />
      <item value="MEAT" />
      <item value="蔬菜" />
      <item value="鸡肉" />
    </histories>
    <option name="languageScores">
      <map>
        <entry key="CHINESE" value="235" />
        <entry key="ENGLISH" value="230" />
        <entry key="FRENCH" value="1" />
        <entry key="PORTUGUESE" value="1" />
        <entry key="SPANISH" value="1" />
        <entry key="ITALIAN" value="1" />
        <entry key="HINDI" value="1" />
        <entry key="INDONESIAN" value="1" />
      </map>
    </option>
  </component>
  <component name="Cache">
    <option name="lastTrimTime" value="1665301031917" />
  </component>
  <component name="Settings">
    <option name="phoneticFontFamily" value="WenQuanYi Micro Hei" />
    <option name="primaryFontFamily" value="WenQuanYi Micro Hei" />
    <option name="translator" value="YOUDAO" />
    <option name="youdaoTranslateSettings">
      <youdao-translate>
        <option name="appId" value="7d126953f1a1c6d1" />
      </youdao-translate>
    </option>
  </component>
</application>