<application>
  <component name="ProjectManager">
    <defaultProject>
      <component name="AutoImportSettings">
        <option name="autoReloadType" value="SELECTIVE" />
      </component>
      <component name="CodeInsightWorkspaceSettings">
        <option name="optimizeImportsOnTheFly" value="true" />
      </component>
      <component name="Encoding" native2AsciiForPropertiesFiles="true" defaultCharsetForPropertiesFiles="UTF-8">
        <file url="PROJECT" charset="UTF-8" />
      </component>
      <component name="GradleLocalSettings">
        <option name="myGradleUserHome" value="D:/software/Java/gradle-repo" />
      </component>
      <component name="KotlinCodeInsightWorkspaceSettings">
        <option name="optimizeImportsOnTheFly" value="true" />
      </component>
      <component name="LogSupport">
        <option name="logConfigurations">
          <ProjectLogConfigurations>
            <option name="defaultLogConfiguration">
              <DefaultLogConfiguration>
                <option name="defaultFrameworkName" value="slf4j" />
              </DefaultLogConfiguration>
            </option>
          </ProjectLogConfigurations>
        </option>
      </component>
      <component name="MarkdownSettingsMigration">
        <option name="stateVersion" value="1" />
      </component>
      <component name="MavenImportPreferences">
        <option name="generalSettings">
          <MavenGeneralSettings>
            <option name="mavenHome" value="D:/software/Java/maven-3.9.0" />
            <option name="userSettingsFile" value="D:\software\Java\maven-3.9.0\conf\settings.xml" />
          </MavenGeneralSettings>
        </option>
      </component>
      <component name="PersistentConfig">
        <option name="initConfig">
          <map>
            <entry key="initConfig">
              <value>
                <Config>
                  <option name="comment" value="true" />
                  <option name="daoPackage" value="generator" />
                  <option name="daoPostfix" value="Dao" />
                  <option name="modelPackage" value="generator" />
                  <option name="name" value="initConfig" />
                  <option name="overrideJava" value="true" />
                  <option name="overrideXML" value="true" />
                  <option name="projectFolder" value="" />
                  <option name="useLombokPlugin" value="true" />
                  <option name="useSchemaPrefix" value="true" />
                  <option name="xmlPackage" value="generator" />
                </Config>
              </value>
            </entry>
          </map>
        </option>
      </component>
      <component name="ProjectInspectionProfilesVisibleTreeState">
        <entry key="Project Default">
          <profile-state>
            <expanded-state>
              <State />
            </expanded-state>
            <selected-state>
              <State>
                <id>Android</id>
              </State>
            </selected-state>
          </profile-state>
        </entry>
      </component>
      <component name="PropertiesComponent"><![CDATA[{
  "keyToString": {
    "last_opened_file_path": "D:/",
    "project.structure.last.edited": "Project",
    "project.structure.proportion": "0.0",
    "project.structure.side.proportion": "0.0",
    "settings.editor.selected.configurable": "com.sjhy.plugin.ui.TemplateSettingForm"
  }
}]]></component>
      <component name="WindowStateProjectService">
        <state x="740" y="223" key="FileChooserDialogImpl" timestamp="1676443595911">
          <screen x="0" y="0" width="1920" height="1080" />
        </state>
        <state x="740" y="223" key="FileChooserDialogImpl/0.0.1920.1080" timestamp="1676443595911" />
        <state x="461" y="108" key="SettingsEditor" timestamp="1677485843547">
          <screen x="0" y="0" width="1920" height="1080" />
        </state>
        <state x="461" y="108" key="SettingsEditor/0.0.1920.1080" timestamp="1677485843547" />
      </component>
      <component name="masterDetails">
        <states>
          <state key="ScopeChooserConfigurable.UI">
            <settings>
              <splitter-proportions>
                <option name="proportions">
                  <list>
                    <option value="0.32212582" />
                  </list>
                </option>
              </splitter-proportions>
            </settings>
          </state>
        </states>
      </component>
    </defaultProject>
  </component>
</application>