<application>
  <component name="Translation.Cache">
    <option name="lastTrimTime" value="1677460497599" />
  </component>
  <component name="Translation.Settings">
    <option name="baiduTranslateSettings">
      <app-key>
        <option name="appId" value="20220130001071339" />
      </app-key>
    </option>
    <option name="primaryLanguage" value="CHINESE" />
    <option name="translator" value="BAIDU" />
  </component>
  <component name="Translation.States">
    <option name="newTranslationDialogWidth" value="590" />
    <option name="newTranslationDialogX" value="815" />
    <option name="newTranslationDialogY" value="471" />
    <histories>
      <item value="expresswayMould must be not null" />
      <item value="update operation id must not be null!" />
      <item value="Invalid Response Exception" />
      <item value="Non-canonical record constructor must delegate to another constructor" />
      <item value="Non-canonical record constructor must delegate to another constructo" />
      <item value="No tests found for given includes" />
      <item value="Talk is cheap. Show me the code." />
      <item value="canonicalize" />
      <item value="minus" />
      <item value="persistence Data" />
      <item value="种类" />
      <item value="mould" />
      <item value="重构" />
      <item value="Transient" />
      <item value="Raw use of parameterized class 'AuditorAware'" />
      <item value="author" />
      <item value="A entity listener to capture auditing information on persisting and updating entities. To get this one flying be sure you configure it as entity listener in your orm.xml as follows:" />
      <item value="After that it's just a matter of activating auditing in your Spring config:" />
      <item value="'value' missing though required" />
      <item value="persist" />
      <item value="Lexical" />
      <item value="resources{filename:\\w+}.dat will match resourcesspring.dat and assign the value &quot;spring&quot; to the filename variable" />
      <item value="captures their relative path" />
      <item value="atches all files underneath the resources path, including resourcesimage.png and resourcescssspring.css" />
      <item value="pagest?st.html — matches pagestest.html as well as pagestXst.html" />
      <item value="Private field 'userRepository' is assigned but never accessed" />
      <item value="Local variable 'leafUsers' is redundant" />
      <item value="省略" />
      <item value="onstraint [id&quot; of relation &quot;leaf_user]" />
      <item value="This is very likely to create a memory leak. Stack trace of thread:" />
      <item value="'serialVersionUID' can be annotated with '@Serial' annotation" />
      <item value="statistics" />
      <item value="Oh my god" />
      <item value="The index of 'biYear' and 'biPerson' must be inconsistent" />
      <item value="Inherited" />
      <item value="domain" />
      <item value="d" />
      <item value="entity" />
      <item value="Not annotated parameter overrides @NonNullApi parameter" />
      <item value="Static member 'com.leaves.common.utils.EnvironmentUtil.environment' accessed via instance reference" />
      <item value="java.lang.String cannot be cast to com.alibaba.excel.metadata.data.ReadCellData" />
      <item value="inconsistent" />
      <item value="填报" />
      <item value="ti'a" />
      <item value="财务快报" />
      <item value="财务快" />
      <item value="财务" />
      <item value="Field injection is not recommended" />
    </histories>
    <option name="languageScores">
      <map>
        <entry key="CHINESE" value="66" />
        <entry key="CZECH" value="1" />
        <entry key="ENGLISH" value="67" />
        <entry key="PORTUGUESE" value="1" />
      </map>
    </option>
  </component>
</application>