<application>
  <component name="Translation.Cache">
    <option name="lastTrimTime" value="1678068045604" />
  </component>
  <component name="Translation.Settings">
    <option name="baiduTranslateSettings">
      <app-key>
        <option name="appId" value="20220130001071339" />
      </app-key>
    </option>
    <option name="primaryLanguage" value="CHINESE" />
    <option name="translator" value="BAIDU" />
  </component>
  <component name="Translation.States">
    <option name="newTranslationDialogWidth" value="588" />
    <option name="newTranslationDialogX" value="815" />
    <option name="newTranslationDialogY" value="471" />
    <histories>
      <item value="Statistics" />
      <item value="toll By Day" />
      <item value="java: Can't generate mapping method with primitive return type." />
      <item value="Column 'category_id' in where clause is ambiguous" />
      <item value="不能包含空格" />
      <item value="Result of 'ExpresswayCategory.getId()' is ignored" />
      <item value="SQL dialect is not configured." />
      <item value="No extends clause allowed for record" />
      <item value="No primary or single unique constructor found for interface java.util.List" />
      <item value="The Token's Signature resulted invalid when verified using the Algorithm: HmacSHA256" />
      <item value="Signature" />
      <item value="obtain" />
      <item value="Unable to obtain LocalDate from TemporalAccessor" />
      <item value="Dangling Javadoc comment" />
      <item value="'StringBuffer strbuff' may be declared as 'StringBuilder'" />
      <item value="adapt" />
      <item value="Actual value of parameter 'headers' is always 'null'" />
      <item value="leaf" />
      <item value="There is no PasswordEncoder mapped for the id &quot;null&quot;" />
      <item value="propagation" />
      <item value="Not annotated parameter overrides @NonNullApi parameter" />
      <item value="Hash Multiset" />
      <item value="to Epoch Milli" />
      <item value="optimization" />
      <item value="optimizat" />
      <item value="opti" />
      <item value="升级" />
      <item value="expresswayMould must be not null" />
      <item value="update operation id must not be null!" />
      <item value="Invalid Response Exception" />
      <item value="Non-canonical record constructor must delegate to another constructor" />
      <item value="Non-canonical record constructor must delegate to another constructo" />
      <item value="No tests found for given includes" />
      <item value="Talk is cheap. Show me the code." />
      <item value="canonicalize" />
      <item value="minus" />
      <item value="persistence Data" />
      <item value="种类" />
      <item value="mould" />
      <item value="重构" />
      <item value="Transient" />
      <item value="Raw use of parameterized class 'AuditorAware'" />
      <item value="author" />
      <item value="A entity listener to capture auditing information on persisting and updating entities. To get this one flying be sure you configure it as entity listener in your orm.xml as follows:" />
      <item value="After that it's just a matter of activating auditing in your Spring config:" />
      <item value="'value' missing though required" />
      <item value="persist" />
      <item value="Lexical" />
      <item value="resources{filename:\\w+}.dat will match resourcesspring.dat and assign the value &quot;spring&quot; to the filename variable" />
      <item value="captures their relative path" />
    </histories>
    <option name="languageScores">
      <map>
        <entry key="CHINESE" value="94" />
        <entry key="CZECH" value="1" />
        <entry key="ENGLISH" value="95" />
        <entry key="PORTUGUESE" value="1" />
        <entry key="SLOVAK" value="1" />
      </map>
    </option>
  </component>
</application>