<application>
  <component name="ProjectManager">
    <defaultProject>
      <component name="AutoImportSettings">
        <option name="autoReloadType" value="SELECTIVE" />
      </component>
      <component name="CodeInsightWorkspaceSettings">
        <option name="optimizeImportsOnTheFly" value="true" />
      </component>
      <component name="Encoding" native2AsciiForPropertiesFiles="true" defaultCharsetForPropertiesFiles="UTF-8">
        <file url="PROJECT" charset="UTF-8" />
      </component>
      <component name="GradleLocalSettings">
        <option name="myGradleUserHome" value="D:/software/Java/gradle-repo" />
      </component>
      <component name="KotlinCodeInsightWorkspaceSettings">
        <option name="optimizeImportsOnTheFly" value="true" />
      </component>
      <component name="MarkdownSettingsMigration">
        <option name="stateVersion" value="1" />
      </component>
      <component name="MavenImportPreferences">
        <option name="generalSettings">
          <MavenGeneralSettings>
            <option name="mavenHome" value="D:/software/Java/maven-3.9.0" />
            <option name="userSettingsFile" value="D:\software\Java\maven-3.9.0\conf\settings.xml" />
          </MavenGeneralSettings>
        </option>
      </component>
      <component name="ProjectInspectionProfilesVisibleTreeState">
        <entry key="Project Default">
          <profile-state>
            <expanded-state>
              <State />
            </expanded-state>
            <selected-state>
              <State>
                <id>Android</id>
              </State>
            </selected-state>
          </profile-state>
        </entry>
      </component>
      <component name="PropertiesComponent">{
  &quot;keyToString&quot;: {
    &quot;last_opened_file_path&quot;: &quot;D:/&quot;,
    &quot;project.structure.last.edited&quot;: &quot;Project&quot;,
    &quot;project.structure.proportion&quot;: &quot;0.0&quot;,
    &quot;project.structure.side.proportion&quot;: &quot;0.0&quot;,
    &quot;settings.editor.selected.configurable&quot;: &quot;configurable.group.other&quot;
  }
}</component>
      <component name="WindowStateProjectService">
        <state x="740" y="223" key="FileChooserDialogImpl" timestamp="1676443595911">
          <screen x="0" y="0" width="1920" height="1080" />
        </state>
        <state x="740" y="223" key="FileChooserDialogImpl/0.0.1920.1080" timestamp="1676443595911" />
        <state x="461" y="108" key="SettingsEditor" timestamp="1676256058349">
          <screen x="0" y="0" width="1920" height="1080" />
        </state>
        <state x="461" y="108" key="SettingsEditor/0.0.1920.1080" timestamp="1676256058349" />
      </component>
    </defaultProject>
  </component>
</application>