<application>
  <component name="Translation.Cache">
    <option name="lastTrimTime" value="1676268204126" />
  </component>
  <component name="Translation.Settings">
    <option name="baiduTranslateSettings">
      <app-key>
        <option name="appId" value="20220130001071339" />
      </app-key>
    </option>
    <option name="primaryLanguage" value="CHINESE" />
    <option name="translator" value="BAIDU" />
  </component>
  <component name="Translation.States">
    <option name="newTranslationDialogWidth" value="596" />
    <option name="newTranslationDialogX" value="815" />
    <option name="newTranslationDialogY" value="471" />
    <histories>
      <item value="Local variable 'leafUsers' is redundant" />
      <item value="省略" />
      <item value="onstraint [id&quot; of relation &quot;leaf_user]" />
      <item value="This is very likely to create a memory leak. Stack trace of thread:" />
      <item value="'serialVersionUID' can be annotated with '@Serial' annotation" />
      <item value="statistics" />
      <item value="Oh my god" />
      <item value="The index of 'biYear' and 'biPerson' must be inconsistent" />
      <item value="Inherited" />
      <item value="domain" />
      <item value="d" />
      <item value="entity" />
      <item value="Not annotated parameter overrides @NonNullApi parameter" />
      <item value="Static member 'com.leaves.common.utils.EnvironmentUtil.environment' accessed via instance reference" />
      <item value="java.lang.String cannot be cast to com.alibaba.excel.metadata.data.ReadCellData" />
      <item value="inconsistent" />
      <item value="填报" />
      <item value="ti'a" />
      <item value="财务快报" />
      <item value="财务快" />
      <item value="财务" />
      <item value="Field injection is not recommended" />
    </histories>
    <option name="languageScores">
      <map>
        <entry key="CHINESE" value="41" />
        <entry key="ENGLISH" value="41" />
      </map>
    </option>
  </component>
</application>