<application>
  <component name="ProjectManager">
    <defaultProject>
      <component name="CodeInsightWorkspaceSettings">
        <option name="optimizeImportsOnTheFly" value="true" />
      </component>
      <component name="Encoding" native2AsciiForPropertiesFiles="true" defaultCharsetForPropertiesFiles="UTF-8">
        <file url="PROJECT" charset="UTF-8" />
      </component>
      <component name="FormatOnSaveOptions">
        <option name="myRunOnSave" value="true" />
      </component>
      <component name="KotlinCodeInsightWorkspaceSettings">
        <option name="optimizeImportsOnTheFly" value="true" />
      </component>
      <component name="MavenImportPreferences">
        <option name="generalSettings">
          <MavenGeneralSettings>
            <option name="mavenHome" value="D:/software/Java/maven-3.9.2" />
            <option name="userSettingsFile" value="D:\software\Java\maven-3.9.2\conf\settings.xml" />
          </MavenGeneralSettings>
        </option>
      </component>
      <component name="OptimizeOnSaveOptions">
        <option name="myRunOnSave" value="true" />
      </component>
      <component name="ProjectInspectionProfilesVisibleTreeState">
        <entry key="Project Default">
          <profile-state>
            <expanded-state>
              <State />
            </expanded-state>
            <selected-state>
              <State>
                <id>Android</id>
              </State>
            </selected-state>
          </profile-state>
        </entry>
      </component>
      <component name="PropertiesComponent"><![CDATA[{
  "keyToString": {
    "settings.editor.selected.configurable": "reference.settings.ide.settings.new.ui"
  }
}]]></component>
      <component name="TaskManager">
        <task active="true" id="Default" summary="Default task">
          <created>1686894413972</created>
          <option name="number" value="Default" />
          <option name="presentableId" value="Default" />
          <updated>1686894413972</updated>
        </task>
        <servers />
      </component>
      <component name="WindowStateProjectService">
        <state x="744" y="225" key="FileChooserDialogImpl" timestamp="1686894847243">
          <screen x="0" y="0" width="1920" height="1080" />
        </state>
        <state x="744" y="225" key="FileChooserDialogImpl/0.0.1920.1080" timestamp="1686894847243" />
      </component>
    </defaultProject>
  </component>
</application>